{
  "table_of_contents": [
    {
      "title": "An Aqueous Lithium\u2013Iodine Battery with Solid Polymer\nElectrolyte-Coated Metallic Lithium Anode",
      "heading_level": null,
      "page_id": 0,
      "polygon": [
        [
          42.28994870185852,
          87.08222821354866
        ],
        [
          518.1836225986481,
          85.43769696354866
        ],
        [
          518.1836225986481,
          125.6683349609375
        ],
        [
          42.28994870185852,
          125.7708697617054
        ]
      ]
    },
    {
      "title": "Acknowledgements",
      "heading_level": null,
      "page_id": 3,
      "polygon": [
        [
          303.6097595691681,
          263.5689551830292
        ],
        [
          402.0440673828125,
          263.5689551830292
        ],
        [
          402.0440673828125,
          275.80078125
        ],
        [
          303.6097595691681,
          275.80078125
        ]
      ]
    }
  ],
  "page_stats": [
    {
      "page_id": 0,
      "text_extraction_method": "pdftext",
      "block_counts": [
        [
          "Span",
          265
        ],
        [
          "Line",
          100
        ],
        [
          "Text",
          9
        ],
        [
          "PageFooter",
          4
        ],
        [
          "PageHeader",
          3
        ],
        [
          "SectionHeader",
          1
        ],
        [
          "Figure",
          1
        ],
        [
          "Caption",
          1
        ],
        [
          "FigureGroup",
          1
        ]
      ],
      "block_metadata": {
        "llm_request_count": 0,
        "llm_error_count": 0,
        "llm_tokens_used": 0
      }
    },
    {
      "page_id": 1,
      "text_extraction_method": "pdftext",
      "block_counts": [
        [
          "Span",
          363
        ],
        [
          "Line",
          110
        ],
        [
          "TextInlineMath",
          6
        ],
        [
          "Text",
          2
        ],
        [
          "Equation",
          2
        ],
        [
          "PageFooter",
          2
        ],
        [
          "Picture",
          1
        ],
        [
          "PageHeader",
          1
        ],
        [
          "Figure",
          1
        ],
        [
          "Caption",
          1
        ],
        [
          "FigureGroup",
          1
        ]
      ],
      "block_metadata": {
        "llm_request_count": 0,
        "llm_error_count": 0,
        "llm_tokens_used": 0
      }
    },
    {
      "page_id": 2,
      "text_extraction_method": "pdftext",
      "block_counts": [
        [
          "Span",
          326
        ],
        [
          "Line",
          121
        ],
        [
          "TextInlineMath",
          4
        ],
        [
          "PageFooter",
          4
        ],
        [
          "Picture",
          1
        ],
        [
          "Figure",
          1
        ],
        [
          "Caption",
          1
        ],
        [
          "PageHeader",
          1
        ],
        [
          "Text",
          1
        ],
        [
          "FigureGroup",
          1
        ]
      ],
      "block_metadata": {
        "llm_request_count": 0,
        "llm_error_count": 0,
        "llm_tokens_used": 0
      }
    },
    {
      "page_id": 3,
      "text_extraction_method": "pdftext",
      "block_counts": [
        [
          "Span",
          545
        ],
        [
          "Line",
          112
        ],
        [
          "ListItem",
          15
        ],
        [
          "TextInlineMath",
          3
        ],
        [
          "PageFooter",
          3
        ],
        [
          "PageHeader",
          2
        ],
        [
          "Text",
          2
        ],
        [
          "Figure",
          1
        ],
        [
          "Caption",
          1
        ],
        [
          "SectionHeader",
          1
        ],
        [
          "FigureGroup",
          1
        ],
        [
          "ListGroup",
          1
        ]
      ],
      "block_metadata": {
        "llm_request_count": 0,
        "llm_error_count": 0,
        "llm_tokens_used": 0
      }
    },
    {
      "page_id": 4,
      "text_extraction_method": "pdftext",
      "block_counts": [
        [
          "Span",
          73
        ],
        [
          "Line",
          12
        ],
        [
          "ListItem",
          4
        ],
        [
          "PageFooter",
          3
        ],
        [
          "Text",
          2
        ],
        [
          "Picture",
          1
        ],
        [
          "PageHeader",
          1
        ],
        [
          "ListGroup",
          1
        ]
      ],
      "block_metadata": {
        "llm_request_count": 0,
        "llm_error_count": 0,
        "llm_tokens_used": 0
      }
    }
  ],
  "debug_data_path": "debug_data\\10.1002_cplu.201402038"
}