{
  "table_of_contents": [
    {
      "title": "",
      "heading_level": null,
      "page_id": 0,
      "polygon": [
        [
          131.9677734375,
          29.056640625
        ],
        [
          564.1259765625,
          29.056640625
        ],
        [
          564.1259765625,
          207.028564453125
        ],
        [
          131.9677734375,
          207.028564453125
        ]
      ]
    }
  ],
  "page_stats": [
    {
      "page_id": 0,
      "text_extraction_method": "pdftext",
      "block_counts": [
        [
          "Span",
          4
        ],
        [
          "Text",
          3
        ],
        [
          "Line",
          2
        ],
        [
          "SectionHeader",
          1
        ]
      ],
      "block_metadata": {
        "llm_request_count": 0,
        "llm_error_count": 0,
        "llm_tokens_used": 0
      }
    }
  ],
  "debug_data_path": "debug_data/10.1002_advs.201670011"
}