{
  "table_of_contents": [
    {
      "title": "Tough Gel Electrolyte Using Double Polymer Network Design for the\nSafe, Stable Cycling of Lithium Metal Anode",
      "heading_level": null,
      "page_id": 0,
      "polygon": [
        [
          52.18115842342377,
          90.40307170152664
        ],
        [
          545.0017142295837,
          90.40307170152664
        ],
        [
          545.0017142295837,
          125.7232666015625
        ],
        [
          52.18115842342377,
          125.7232666015625
        ]
      ]
    },
    {
      "title": "",
      "heading_level": null,
      "page_id": 1,
      "polygon": [
        [
          17.134428590536118,
          748.9417541027069
        ],
        [
          128.8618040084839,
          747.2972228527069
        ],
        [
          128.8618040084839,
          757.5126085281372
        ],
        [
          17.134428590536118,
          759.1571397781372
        ]
      ]
    },
    {
      "title": "Acknowledgements",
      "heading_level": null,
      "page_id": 4,
      "polygon": [
        [
          51.28025156259537,
          343.48333740234375
        ],
        [
          139.30699157714844,
          343.48333740234375
        ],
        [
          139.30699157714844,
          354.48333740234375
        ],
        [
          51.28025156259537,
          354.48333740234375
        ]
      ]
    },
    {
      "title": "Conflict of interest",
      "heading_level": null,
      "page_id": 4,
      "polygon": [
        [
          52.44000244140625,
          481.4244283437729
        ],
        [
          137.8957929611206,
          481.4244283437729
        ],
        [
          136.8800048828125,
          492.5333251953125
        ],
        [
          51.4332994222641,
          492.5333251953125
        ]
      ]
    }
  ],
  "page_stats": [
    {
      "page_id": 0,
      "text_extraction_method": "pdftext",
      "block_counts": [
        [
          "Span",
          1568
        ],
        [
          "Line",
          117
        ],
        [
          "TableCell",
          14
        ],
        [
          "Text",
          9
        ],
        [
          "PageHeader",
          4
        ],
        [
          "PageFooter",
          2
        ],
        [
          "SectionHeader",
          1
        ],
        [
          "Table",
          1
        ]
      ],
      "block_metadata": {
        "llm_request_count": 0,
        "llm_error_count": 0,
        "llm_tokens_used": 0,
        "previous_text": "",
        "previous_type": "",
        "previous_order": 0
      }
    },
    {
      "page_id": 1,
      "text_extraction_method": "pdftext",
      "block_counts": [
        [
          "Span",
          839
        ],
        [
          "Line",
          58
        ],
        [
          "Text",
          5
        ],
        [
          "PageHeader",
          2
        ],
        [
          "Figure",
          2
        ],
        [
          "Caption",
          2
        ],
        [
          "PageFooter",
          2
        ],
        [
          "FigureGroup",
          2
        ],
        [
          "SectionHeader",
          1
        ]
      ],
      "block_metadata": {
        "llm_request_count": 0,
        "llm_error_count": 0,
        "llm_tokens_used": 0,
        "previous_text": "",
        "previous_type": "",
        "previous_order": 0
      }
    },
    {
      "page_id": 2,
      "text_extraction_method": "pdftext",
      "block_counts": [
        [
          "Span",
          1494
        ],
        [
          "Line",
          104
        ],
        [
          "PageHeader",
          3
        ],
        [
          "TextInlineMath",
          3
        ],
        [
          "PageFooter",
          3
        ],
        [
          "Text",
          2
        ],
        [
          "Figure",
          1
        ],
        [
          "Caption",
          1
        ],
        [
          "FigureGroup",
          1
        ]
      ],
      "block_metadata": {
        "llm_request_count": 0,
        "llm_error_count": 0,
        "llm_tokens_used": 0,
        "previous_text": "",
        "previous_type": "",
        "previous_order": 0
      }
    },
    {
      "page_id": 3,
      "text_extraction_method": "pdftext",
      "block_counts": [
        [
          "Span",
          1681
        ],
        [
          "Line",
          110
        ],
        [
          "Text",
          9
        ],
        [
          "PageFooter",
          3
        ],
        [
          "PageHeader",
          2
        ],
        [
          "Figure",
          1
        ],
        [
          "Caption",
          1
        ],
        [
          "FigureGroup",
          1
        ]
      ],
      "block_metadata": {
        "llm_request_count": 0,
        "llm_error_count": 0,
        "llm_tokens_used": 0,
        "previous_text": "",
        "previous_type": "",
        "previous_order": 0
      }
    },
    {
      "page_id": 4,
      "text_extraction_method": "pdftext",
      "block_counts": [
        [
          "Span",
          1683
        ],
        [
          "Line",
          101
        ],
        [
          "ListItem",
          23
        ],
        [
          "Text",
          7
        ],
        [
          "Figure",
          2
        ],
        [
          "SectionHeader",
          2
        ],
        [
          "ListGroup",
          2
        ],
        [
          "Handwriting",
          1
        ],
        [
          "PageHeader",
          1
        ],
        [
          "Caption",
          1
        ],
        [
          "PageFooter",
          1
        ],
        [
          "FigureGroup",
          1
        ]
      ],
      "block_metadata": {
        "llm_request_count": 0,
        "llm_error_count": 0,
        "llm_tokens_used": 0,
        "previous_text": "",
        "previous_type": "",
        "previous_order": 0
      }
    }
  ],
  "debug_data_path": "debug_data/10.1002_ange.201709774"
}