{
  "table_of_contents": [
    {
      "title": "",
      "heading_level": null,
      "page_id": 0,
      "polygon": [
        [
          54.859944462776184,
          63.77530254423618
        ],
        [
          149.36513721942902,
          63.77530254423618
        ],
        [
          149.36513721942902,
          76.30469043552876
        ],
        [
          54.859944462776184,
          76.30469043552876
        ]
      ]
    },
    {
      "title": "Protecting the Lithium Metal Anode for a Safe Flexible Lithium-Air\nBattery in Ambient Air",
      "heading_level": null,
      "page_id": 0,
      "polygon": [
        [
          51.58719098567963,
          90.73321533203125
        ],
        [
          537.5437994003296,
          90.73321533203125
        ],
        [
          537.5437994003296,
          125.98218259215355
        ],
        [
          51.58719098567963,
          125.98218259215355
        ]
      ]
    },
    {
      "title": "Acknowledgements",
      "heading_level": null,
      "page_id": 4,
      "polygon": [
        [
          304.7200012207031,
          218.3003317117691
        ],
        [
          393.69355392456055,
          218.3003317117691
        ],
        [
          393.69355392456055,
          230.0433349609375
        ],
        [
          304.7200012207031,
          230.0433349609375
        ]
      ]
    },
    {
      "title": "Conflict of interest",
      "heading_level": null,
      "page_id": 4,
      "polygon": [
        [
          304.7200012207031,
          367.6654797196388
        ],
        [
          390.10140085220337,
          367.6654797196388
        ],
        [
          390.10140085220337,
          379.59332275390625
        ],
        [
          304.7200012207031,
          379.59332275390625
        ]
      ]
    }
  ],
  "page_stats": [
    {
      "page_id": 0,
      "text_extraction_method": "pdftext",
      "block_counts": [
        [
          "Span",
          1572
        ],
        [
          "Line",
          121
        ],
        [
          "Text",
          8
        ],
        [
          "PageFooter",
          3
        ],
        [
          "Picture",
          2
        ],
        [
          "SectionHeader",
          2
        ],
        [
          "PageHeader",
          1
        ],
        [
          "Footnote",
          1
        ]
      ],
      "block_metadata": {
        "llm_request_count": 0,
        "llm_error_count": 0,
        "llm_tokens_used": 0,
        "previous_text": "",
        "previous_type": "",
        "previous_order": 0
      }
    },
    {
      "page_id": 1,
      "text_extraction_method": "pdftext",
      "block_counts": [
        [
          "Span",
          1387
        ],
        [
          "Line",
          85
        ],
        [
          "Text",
          3
        ],
        [
          "PageFooter",
          3
        ],
        [
          "PageHeader",
          2
        ],
        [
          "Figure",
          2
        ],
        [
          "Caption",
          2
        ],
        [
          "FigureGroup",
          2
        ]
      ],
      "block_metadata": {
        "llm_request_count": 0,
        "llm_error_count": 0,
        "llm_tokens_used": 0,
        "previous_text": "",
        "previous_type": "",
        "previous_order": 0
      }
    },
    {
      "page_id": 2,
      "text_extraction_method": "pdftext",
      "block_counts": [
        [
          "Span",
          1738
        ],
        [
          "Line",
          119
        ],
        [
          "PageFooter",
          3
        ],
        [
          "PageHeader",
          2
        ],
        [
          "Text",
          2
        ],
        [
          "TextInlineMath",
          2
        ],
        [
          "Picture",
          1
        ],
        [
          "Figure",
          1
        ],
        [
          "Caption",
          1
        ],
        [
          "FigureGroup",
          1
        ]
      ],
      "block_metadata": {
        "llm_request_count": 0,
        "llm_error_count": 0,
        "llm_tokens_used": 0,
        "previous_text": "",
        "previous_type": "",
        "previous_order": 0
      }
    },
    {
      "page_id": 3,
      "text_extraction_method": "pdftext",
      "block_counts": [
        [
          "Span",
          1329
        ],
        [
          "Line",
          86
        ],
        [
          "Text",
          6
        ],
        [
          "Caption",
          3
        ],
        [
          "PageFooter",
          3
        ],
        [
          "Figure",
          2
        ],
        [
          "FigureGroup",
          2
        ],
        [
          "PageHeader",
          1
        ]
      ],
      "block_metadata": {
        "llm_request_count": 0,
        "llm_error_count": 0,
        "llm_tokens_used": 0,
        "previous_text": "",
        "previous_type": "",
        "previous_order": 0
      }
    },
    {
      "page_id": 4,
      "text_extraction_method": "pdftext",
      "block_counts": [
        [
          "Span",
          1368
        ],
        [
          "Line",
          86
        ],
        [
          "Text",
          7
        ],
        [
          "PageHeader",
          3
        ],
        [
          "ListItem",
          3
        ],
        [
          "PageFooter",
          3
        ],
        [
          "SectionHeader",
          2
        ],
        [
          "Figure",
          1
        ],
        [
          "Caption",
          1
        ],
        [
          "FigureGroup",
          1
        ],
        [
          "ListGroup",
          1
        ]
      ],
      "block_metadata": {
        "llm_request_count": 0,
        "llm_error_count": 0,
        "llm_tokens_used": 0,
        "previous_text": "",
        "previous_type": "",
        "previous_order": 0
      }
    },
    {
      "page_id": 5,
      "text_extraction_method": "pdftext",
      "block_counts": [
        [
          "Span",
          1055
        ],
        [
          "Line",
          65
        ],
        [
          "ListItem",
          14
        ],
        [
          "PageFooter",
          3
        ],
        [
          "ListGroup",
          3
        ],
        [
          "PageHeader",
          2
        ],
        [
          "Text",
          2
        ]
      ],
      "block_metadata": {
        "llm_request_count": 0,
        "llm_error_count": 0,
        "llm_tokens_used": 0,
        "previous_text": "",
        "previous_type": "",
        "previous_order": 0
      }
    }
  ],
  "debug_data_path": "debug_data/10.1002_anie.201911229"
}