{
  "table_of_contents": [
    {
      "title": "",
      "heading_level": null,
      "page_id": 0,
      "polygon": [
        [
          55.31090411543846,
          64.2154748737812
        ],
        [
          185.8649513721466,
          62.570943623781204
        ],
        [
          185.8649513721466,
          74.70461869239807
        ],
        [
          55.31090411543846,
          76.34914994239807
        ]
      ]
    },
    {
      "title": "Inhibiting Polysulfide Shuttle in Lithium\u2013Sulfur Batteries through\nLow-Ion-Pairing Salts and a Triflamide Solvent",
      "heading_level": null,
      "page_id": 0,
      "polygon": [
        [
          51.448965668678284,
          90.73321533203125
        ],
        [
          518.2623090744019,
          89.38968101143837
        ],
        [
          518.2623090744019,
          125.7232666015625
        ],
        [
          51.448965668678284,
          127.29357179999352
        ]
      ]
    },
    {
      "title": "Acknowledgements",
      "heading_level": null,
      "page_id": 4,
      "polygon": [
        [
          51.89176359772682,
          552.5633239746094
        ],
        [
          139.66028833389282,
          552.5633239746094
        ],
        [
          139.30699157714844,
          563.5633239746094
        ],
        [
          50.72770109772682,
          563.5633239746094
        ]
      ]
    },
    {
      "title": "Conflict of interest",
      "heading_level": null,
      "page_id": 4,
      "polygon": [
        [
          51.52152419090271,
          644.4439083337784
        ],
        [
          137.55156183242798,
          642.7993770837784
        ],
        [
          137.55156183242798,
          655.6333312988281
        ],
        [
          51.52152419090271,
          655.6333312988281
        ]
      ]
    }
  ],
  "page_stats": [
    {
      "page_id": 0,
      "text_extraction_method": "pdftext",
      "block_counts": [
        [
          "Span",
          1581
        ],
        [
          "Line",
          123
        ],
        [
          "Text",
          8
        ],
        [
          "PageFooter",
          3
        ],
        [
          "Picture",
          2
        ],
        [
          "SectionHeader",
          2
        ],
        [
          "PageHeader",
          1
        ],
        [
          "TextInlineMath",
          1
        ]
      ],
      "block_metadata": {
        "llm_request_count": 0,
        "llm_error_count": 0,
        "llm_tokens_used": 0,
        "previous_text": "",
        "previous_type": "",
        "previous_order": 0
      }
    },
    {
      "page_id": 1,
      "text_extraction_method": "surya",
      "block_counts": [
        [
          "Span",
          115
        ],
        [
          "Line",
          111
        ],
        [
          "Text",
          5
        ],
        [
          "PageFooter",
          3
        ],
        [
          "PageHeader",
          2
        ],
        [
          "Figure",
          2
        ],
        [
          "Caption",
          2
        ],
        [
          "FigureGroup",
          2
        ],
        [
          "Picture",
          1
        ]
      ],
      "block_metadata": {
        "llm_request_count": 0,
        "llm_error_count": 0,
        "llm_tokens_used": 0,
        "previous_text": "",
        "previous_type": "",
        "previous_order": 0
      }
    },
    {
      "page_id": 2,
      "text_extraction_method": "surya",
      "block_counts": [
        [
          "Span",
          129
        ],
        [
          "Line",
          117
        ],
        [
          "Text",
          5
        ],
        [
          "PageFooter",
          3
        ],
        [
          "PageHeader",
          1
        ],
        [
          "Figure",
          1
        ],
        [
          "Caption",
          1
        ],
        [
          "TextInlineMath",
          1
        ],
        [
          "FigureGroup",
          1
        ]
      ],
      "block_metadata": {
        "llm_request_count": 0,
        "llm_error_count": 0,
        "llm_tokens_used": 0,
        "previous_text": "",
        "previous_type": "",
        "previous_order": 0
      }
    },
    {
      "page_id": 3,
      "text_extraction_method": "pdftext",
      "block_counts": [
        [
          "Span",
          1555
        ],
        [
          "Line",
          113
        ],
        [
          "Text",
          6
        ],
        [
          "Figure",
          3
        ],
        [
          "PageFooter",
          3
        ],
        [
          "PageHeader",
          2
        ],
        [
          "Caption",
          2
        ],
        [
          "FigureGroup",
          2
        ]
      ],
      "block_metadata": {
        "llm_request_count": 0,
        "llm_error_count": 0,
        "llm_tokens_used": 0,
        "previous_text": "",
        "previous_type": "",
        "previous_order": 0
      }
    },
    {
      "page_id": 4,
      "text_extraction_method": "pdftext",
      "block_counts": [
        [
          "Span",
          1762
        ],
        [
          "Line",
          123
        ],
        [
          "ListItem",
          31
        ],
        [
          "Text",
          7
        ],
        [
          "SectionHeader",
          2
        ],
        [
          "PageFooter",
          2
        ],
        [
          "PageHeader",
          1
        ],
        [
          "Picture",
          1
        ],
        [
          "ListGroup",
          1
        ]
      ],
      "block_metadata": {
        "llm_request_count": 0,
        "llm_error_count": 0,
        "llm_tokens_used": 0,
        "previous_text": "",
        "previous_type": "",
        "previous_order": 0
      }
    },
    {
      "page_id": 5,
      "text_extraction_method": "pdftext",
      "block_counts": [
        [
          "Span",
          285
        ],
        [
          "Line",
          21
        ],
        [
          "ListItem",
          6
        ],
        [
          "PageFooter",
          3
        ],
        [
          "PageHeader",
          2
        ],
        [
          "Picture",
          1
        ],
        [
          "Text",
          1
        ],
        [
          "ListGroup",
          1
        ]
      ],
      "block_metadata": {
        "llm_request_count": 0,
        "llm_error_count": 0,
        "llm_tokens_used": 0,
        "previous_text": "",
        "previous_type": "",
        "previous_order": 0
      }
    }
  ],
  "debug_data_path": "debug_data/10.1002_anie.201701026"
}