{
  "table_of_contents": [
    {
      "title": "",
      "heading_level": null,
      "page_id": 0,
      "polygon": [
        [
          42.38124632835388,
          64.15076486766338
        ],
        [
          154.06758666038513,
          62.50623361766338
        ],
        [
          154.06758666038513,
          77.05664391815662
        ],
        [
          42.38124632835388,
          78.70117516815662
        ]
      ]
    },
    {
      "title": "Highly Stable Lithium Metal Batteries Enabled by Regulating the\nSolvation of Lithium Ions in Nonaqueous Electrolytes",
      "heading_level": null,
      "page_id": 0,
      "polygon": [
        [
          46.330366015434265,
          89.97901570796967
        ],
        [
          518.3752765655518,
          88.33448445796967
        ],
        [
          518.3752765655518,
          126.23321533203125
        ],
        [
          46.330366015434265,
          126.23321533203125
        ]
      ]
    },
    {
      "title": "Acknowledgements",
      "heading_level": null,
      "page_id": 3,
      "polygon": [
        [
          303.43693351745605,
          103.96655873954296
        ],
        [
          393.4787735939026,
          102.32202748954296
        ],
        [
          393.4787735939026,
          115.0733642578125
        ],
        [
          303.43693351745605,
          115.0733642578125
        ]
      ]
    },
    {
      "title": "Conflict of interest",
      "heading_level": null,
      "page_id": 3,
      "polygon": [
        [
          304.0068154335022,
          242.11334228515625
        ],
        [
          391.4204206466675,
          240.87610018253326
        ],
        [
          390.2563581466675,
          253.11334228515625
        ],
        [
          302.8427529335022,
          253.6749677658081
        ]
      ]
    }
  ],
  "page_stats": [
    {
      "page_id": 0,
      "text_extraction_method": "pdftext",
      "block_counts": [
        [
          "Span",
          1662
        ],
        [
          "Line",
          127
        ],
        [
          "Text",
          9
        ],
        [
          "PageHeader",
          3
        ],
        [
          "PageFooter",
          3
        ],
        [
          "SectionHeader",
          2
        ],
        [
          "TextInlineMath",
          1
        ],
        [
          "Footnote",
          1
        ]
      ],
      "block_metadata": {
        "llm_request_count": 0,
        "llm_error_count": 0,
        "llm_tokens_used": 0,
        "previous_text": "",
        "previous_type": "",
        "previous_order": 0
      }
    },
    {
      "page_id": 1,
      "text_extraction_method": "pdftext",
      "block_counts": [
        [
          "Span",
          1533
        ],
        [
          "Line",
          95
        ],
        [
          "Text",
          7
        ],
        [
          "PageFooter",
          3
        ],
        [
          "Figure",
          2
        ],
        [
          "Caption",
          2
        ],
        [
          "FigureGroup",
          2
        ],
        [
          "PageHeader",
          1
        ]
      ],
      "block_metadata": {
        "llm_request_count": 0,
        "llm_error_count": 0,
        "llm_tokens_used": 0,
        "previous_text": "",
        "previous_type": "",
        "previous_order": 0
      }
    },
    {
      "page_id": 2,
      "text_extraction_method": "pdftext",
      "block_counts": [
        [
          "Span",
          1728
        ],
        [
          "Line",
          122
        ],
        [
          "PageHeader",
          3
        ],
        [
          "TextInlineMath",
          3
        ],
        [
          "PageFooter",
          3
        ],
        [
          "Text",
          2
        ],
        [
          "Figure",
          1
        ],
        [
          "Caption",
          1
        ],
        [
          "FigureGroup",
          1
        ]
      ],
      "block_metadata": {
        "llm_request_count": 0,
        "llm_error_count": 0,
        "llm_tokens_used": 0,
        "previous_text": "",
        "previous_type": "",
        "previous_order": 0
      }
    },
    {
      "page_id": 3,
      "text_extraction_method": "pdftext",
      "block_counts": [
        [
          "Span",
          1457
        ],
        [
          "Line",
          96
        ],
        [
          "ListItem",
          11
        ],
        [
          "Text",
          7
        ],
        [
          "PageFooter",
          3
        ],
        [
          "Picture",
          2
        ],
        [
          "SectionHeader",
          2
        ],
        [
          "PageHeader",
          1
        ],
        [
          "Figure",
          1
        ],
        [
          "Caption",
          1
        ],
        [
          "FigureGroup",
          1
        ],
        [
          "ListGroup",
          1
        ]
      ],
      "block_metadata": {
        "llm_request_count": 0,
        "llm_error_count": 0,
        "llm_tokens_used": 0,
        "previous_text": "",
        "previous_type": "",
        "previous_order": 0
      }
    },
    {
      "page_id": 4,
      "text_extraction_method": "pdftext",
      "block_counts": [
        [
          "Span",
          693
        ],
        [
          "Line",
          46
        ],
        [
          "ListItem",
          12
        ],
        [
          "PageFooter",
          3
        ],
        [
          "PageHeader",
          2
        ],
        [
          "Text",
          2
        ],
        [
          "ListGroup",
          2
        ]
      ],
      "block_metadata": {
        "llm_request_count": 0,
        "llm_error_count": 0,
        "llm_tokens_used": 0,
        "previous_text": "",
        "previous_type": "",
        "previous_order": 0
      }
    }
  ],
  "debug_data_path": "debug_data/10.1002_ange.201801513"
}