{
  "table_of_contents": [
    {
      "title": "First-Principles Study on Polymer Electrolyte Interface\nEngineering for Lithium Metal Anodes",
      "heading_level": null,
      "page_id": 0,
      "polygon": [
        [
          46.77159881591797,
          85.943115234375
        ],
        [
          502.29296875,
          85.943115234375
        ],
        [
          502.29296875,
          124.24688720703125
        ],
        [
          46.77159881591797,
          124.24688720703125
        ]
      ]
    },
    {
      "title": "explaining previously observed experimental results. Polymers\ncontaining nitrile groups exhibit strong adhesion to lithium\nmetal, facilitating the formation of the stable interface layer.\nRegarding electronic conductivity, the fluoropolymers preserve\na good insulating property, which diminished marginally in the\npresence of lithium, but that of PAN and PEO significantly\nreduces. Additionally, lithium diffusion on PTFE and PEO\ndemonstrates low diffusion barriers and high coefficients,\nenabling easy transportation. Overall, our investigation reveals\nthat the interfaces formed between various polymers and LMA\nhave distinct characteristics, providing new fundamental in-\nsights for designing composites with tailored interface proper-\nties.",
      "heading_level": null,
      "page_id": 0,
      "polygon": [
        [
          304.7240905761719,
          190.868408203125
        ],
        [
          552.638671875,
          190.868408203125
        ],
        [
          552.638671875,
          344.615234375
        ],
        [
          304.7240905761719,
          344.615234375
        ]
      ]
    },
    {
      "title": "1. Introduction",
      "heading_level": null,
      "page_id": 0,
      "polygon": [
        [
          46.34423828125,
          375.56982421875
        ],
        [
          126.22802734375,
          375.56982421875
        ],
        [
          126.22802734375,
          387.5270080566406
        ],
        [
          46.34423828125,
          387.5270080566406
        ]
      ]
    },
    {
      "title": "2. Results and Discussion",
      "heading_level": null,
      "page_id": 1,
      "polygon": [
        [
          46.48974609375,
          663.7130126953125
        ],
        [
          177.51953125,
          663.7130126953125
        ],
        [
          177.51953125,
          675.4130096435547
        ],
        [
          46.48974609375,
          675.4130096435547
        ]
      ]
    },
    {
      "title": "2.1. Intrinsic Properties of Polymers",
      "heading_level": null,
      "page_id": 1,
      "polygon": [
        [
          46.307861328125,
          689.05859375
        ],
        [
          188.2596893310547,
          689.05859375
        ],
        [
          188.2596893310547,
          698.92578125
        ],
        [
          46.307861328125,
          698.92578125
        ]
      ]
    },
    {
      "title": "2.2. Interaction between Li Atom and Polymers",
      "heading_level": null,
      "page_id": 2,
      "polygon": [
        [
          304.40234375,
          305.060546875
        ],
        [
          493.5625,
          305.060546875
        ],
        [
          493.5625,
          314.90777587890625
        ],
        [
          304.40234375,
          314.90777587890625
        ]
      ]
    },
    {
      "title": "2.3. Interface between Li Atom and Polymers",
      "heading_level": null,
      "page_id": 4,
      "polygon": [
        [
          46.19873046875,
          113.164306640625
        ],
        [
          226.119140625,
          113.164306640625
        ],
        [
          226.119140625,
          123.031494140625
        ],
        [
          46.19873046875,
          123.031494140625
        ]
      ]
    },
    {
      "title": "3. Conclusions",
      "heading_level": null,
      "page_id": 5,
      "polygon": [
        [
          45.362060546875,
          63.958984375
        ],
        [
          124.4091796875,
          62.389404296875
        ],
        [
          124.4091796875,
          75.65899658203125
        ],
        [
          45.362060546875,
          76.573486328125
        ]
      ]
    },
    {
      "title": "Computational Details",
      "heading_level": null,
      "page_id": 5,
      "polygon": [
        [
          45.98046875,
          411.1328125
        ],
        [
          161.8046875,
          411.1328125
        ],
        [
          161.8046875,
          423.5270080566406
        ],
        [
          45.98046875,
          423.5270080566406
        ]
      ]
    },
    {
      "title": "Acknowledgments",
      "heading_level": null,
      "page_id": 5,
      "polygon": [
        [
          303.23828125,
          122.825927734375
        ],
        [
          397.52734375,
          122.825927734375
        ],
        [
          397.52734375,
          135.63995361328125
        ],
        [
          303.23828125,
          135.63995361328125
        ]
      ]
    },
    {
      "title": "Conflict of interests",
      "heading_level": null,
      "page_id": 5,
      "polygon": [
        [
          304.111328125,
          266.8251953125
        ],
        [
          401.310546875,
          266.8251953125
        ],
        [
          401.310546875,
          279.5830078125
        ],
        [
          304.111328125,
          279.5830078125
        ]
      ]
    },
    {
      "title": "Data Availability Statement",
      "heading_level": null,
      "page_id": 5,
      "polygon": [
        [
          303.8203125,
          327.6728515625
        ],
        [
          443.5078125,
          327.6728515625
        ],
        [
          443.5078125,
          339.5639953613281
        ],
        [
          303.8203125,
          339.5639953613281
        ]
      ]
    }
  ],
  "page_stats": [
    {
      "page_id": 0,
      "text_extraction_method": "pdftext",
      "block_counts": [
        [
          "Span",
          1434
        ],
        [
          "Line",
          102
        ],
        [
          "Text",
          9
        ],
        [
          "ListItem",
          6
        ],
        [
          "PageHeader",
          3
        ],
        [
          "SectionHeader",
          3
        ],
        [
          "PageFooter",
          2
        ],
        [
          "ListGroup",
          2
        ],
        [
          "Picture",
          1
        ]
      ],
      "block_metadata": {
        "llm_request_count": 0,
        "llm_error_count": 0,
        "llm_tokens_used": 0
      }
    },
    {
      "page_id": 1,
      "text_extraction_method": "pdftext",
      "block_counts": [
        [
          "Span",
          969
        ],
        [
          "Line",
          55
        ],
        [
          "Text",
          5
        ],
        [
          "PageHeader",
          3
        ],
        [
          "Figure",
          2
        ],
        [
          "Caption",
          2
        ],
        [
          "SectionHeader",
          2
        ],
        [
          "PageFooter",
          2
        ],
        [
          "FigureGroup",
          2
        ]
      ],
      "block_metadata": {
        "llm_request_count": 0,
        "llm_error_count": 0,
        "llm_tokens_used": 0
      }
    },
    {
      "page_id": 2,
      "text_extraction_method": "pdftext",