{
  "table_of_contents": [
    {
      "title": "4.5 V High-Voltage Rechargeable Batteries Enabled by the Reduction\nof Polarization on the Lithium Metal Anode",
      "heading_level": null,
      "page_id": 0,
      "polygon": [
        [
          49.72915995121002,
          89.10628694295883
        ],
        [
          543.7212028503418,
          87.46175569295883
        ],
        [
          543.7212028503418,
          125.89324951171875
        ],
        [
          49.72915995121002,
          125.89324951171875
        ]
      ]
    },
    {
      "title": "Acknowledgements",
      "heading_level": null,
      "page_id": 3,
      "polygon": [
        [
          52.29956114292145,
          184.5733642578125
        ],
        [
          140.12061309814453,
          183.36036622524261
        ],
        [
          139.30699157714844,
          195.5733642578125
        ],
        [
          51.13549864292145,
          195.76910430192947
        ]
      ]
    },
    {
      "title": "Conflict of interest",
      "heading_level": null,
      "page_id": 3,
      "polygon": [
        [
          52.44000244140625,
          298.78984302282333
        ],
        [
          138.7154644727707,
          297.14531177282333
        ],
        [
          137.5514019727707,
          310.60333251953125
        ],
        [
          51.65244480967522,
          310.7788411974907
        ]
      ]
    },
    {
      "title": "",
      "heading_level": null,
      "page_id": 3,
      "polygon": [
        [
          17.310696065425873,
          749.4425210952759
        ],
        [
          134.44711393117905,
          746.1534585952759
        ],
        [
          134.44711393117905,
          756.2911546230316
        ],
        [
          17.310696065425873,
          759.5802171230316
        ]
      ]
    }
  ],
  "page_stats": [
    {
      "page_id": 0,
      "text_extraction_method": "pdftext",
      "block_counts": [
        [
          "Span",
          1602
        ],
        [
          "Line",
          116
        ],
        [
          "Text",
          8
        ],
        [
          "Footnote",
          3
        ],
        [
          "PageFooter",
          3
        ],
        [
          "Picture",
          2
        ],
        [
          "PageHeader",
          2
        ],
        [
          "SectionHeader",
          1
        ]
      ],
      "block_metadata": {
        "llm_request_count": 0,
        "llm_error_count": 0,
        "llm_tokens_used": 0,
        "previous_text": "",
        "previous_type": "",
        "previous_order": 0
      }
    },
    {
      "page_id": 1,
      "text_extraction_method": "pdftext",
      "block_counts": [
        [
          "Span",
          1389
        ],
        [
          "Line",
          98
        ],
        [
          "Text",
          6
        ],
        [
          "PageFooter",
          3
        ],
        [
          "PageHeader",
          2
        ],
        [
          "Figure",
          2
        ],
        [
          "Caption",
          2
        ],
        [
          "TextInlineMath",
          2
        ],
        [
          "FigureGroup",
          2
        ]
      ],
      "block_metadata": {
        "llm_request_count": 0,
        "llm_error_count": 0,
        "llm_tokens_used": 0,
        "previous_text": "",
        "previous_type": "",
        "previous_order": 0
      }
    },
    {
      "page_id": 2,
      "text_extraction_method": "pdftext",
      "block_counts": [
        [
          "Span",
          1473
        ],
        [
          "Line",
          93
        ],
        [
          "Text",
          5
        ],
        [
          "PageFooter",
          3
        ],
        [
          "Figure",
          2
        ],
        [
          "Caption",
          2
        ],
        [
          "FigureGroup",
          2
        ],
        [
          "PageHeader",
          1
        ],
        [
          "TextInlineMath",
          1
        ]
      ],
      "block_metadata": {
        "llm_request_count": 0,
        "llm_error_count": 0,
        "llm_tokens_used": 0,
        "previous_text": "",
        "previous_type": "",
        "previous_order": 0
      }
    },
    {
      "page_id": 3,
      "text_extraction_method": "pdftext",
      "block_counts": [
        [
          "Span",
          1913
        ],
        [
          "Line",
          122
        ],
        [
          "ListItem",
          18
        ],
        [
          "Text",
          8
        ],
        [
          "SectionHeader",
          3
        ],
        [
          "PageHeader",
          2
        ],
        [
          "ListGroup",
          2
        ],
        [
          "Picture",
          1
        ]
      ],
      "block_metadata": {
        "llm_request_count": 0,
        "llm_error_count": 0,
        "llm_tokens_used": 0,
        "previous_text": "",
        "previous_type": "",
        "previous_order": 0
      }
    }
  ],
  "debug_data_path": "debug_data/10.1002_anie.201908874"
}