{
  "table_of_contents": [
    {
      "title": "Electron Delocalization Enables Sulfone-based Single-solvent\nElectrolyte for Lithium Metal Batteries",
      "heading_level": null,
      "page_id": 0,
      "polygon": [
        [
          52.44090270996094,
          89.74031326174736
        ],
        [
          487.2554681301117,
          89.74031326174736
        ],
        [
          487.2554681301117,
          125.82269287109375
        ],
        [
          52.44090270996094,
          125.82269287109375
        ]
      ]
    },
    {
      "title": "Acknowledgements",
      "heading_level": null,
      "page_id": 4,
      "polygon": [
        [
          304.7239990234375,
          396.20947432518005
        ],
        [
          391.3387756347656,
          396.20947432518005
        ],
        [
          391.3387756347656,
          407.884033203125
        ],
        [
          304.7239990234375,
          407.884033203125
        ]
      ]
    },
    {
      "title": "Conflict of Interest",
      "heading_level": null,
      "page_id": 4,
      "polygon": [
        [
          303.8374352455139,
          609.6519165039062
        ],
        [
          390.25337409973145,
          608.5821059942245
        ],
        [
          390.25337409973145,
          620.6520233154297
        ],
        [
          303.8374352455139,
          621.1092103719711
        ]
      ]
    },
    {
      "title": "Data Availability Statement",
      "heading_level": null,
      "page_id": 4,
      "polygon": [
        [
          304.1230511665344,
          667.138916015625
        ],
        [
          433.04908323287964,
          666.2416762113571
        ],
        [
          433.04908323287964,
          678.1390075683594
        ],
        [
          304.1230511665344,
          678.4849222898483
        ]
      ]
    }
  ],
  "page_stats": [
    {
      "page_id": 0,
      "text_extraction_method": "pdftext",
      "block_counts": [
        [
          "Span",
          1602
        ],
        [
          "Line",
          105
        ],
        [
          "Text",
          10
        ],
        [
          "Picture",
          2
        ],
        [
          "PageHeader",
          1
        ],
        [
          "SectionHeader",
          1
        ],
        [
          "PageFooter",
          1
        ]
      ],
      "block_metadata": {
        "llm_request_count": 0,
        "llm_error_count": 0,
        "llm_tokens_used": 0
      }
    },
    {
      "page_id": 1,
      "text_extraction_method": "pdftext",
      "block_counts": [
        [
          "Span",
          818
        ],
        [
          "Line",
          47
        ],
        [
          "Text",
          5
        ],
        [
          "PageHeader",
          1
        ],
        [
          "Picture",
          1
        ],
        [
          "TextInlineMath",
          1
        ],
        [
          "Figure",
          1
        ]
      ],
      "block_metadata": {
        "llm_request_count": 0,
        "llm_error_count": 0,
        "llm_tokens_used": 0
      }
    },
    {
      "page_id": 2,
      "text_extraction_method": "pdftext",
      "block_counts": [
        [
          "Span",
          1355
        ],
        [
          "Line",
          68
        ],
        [
          "PageHeader",
          3
        ],
        [
          "Text",
          3
        ],
        [
          "TextInlineMath",
          2
        ],
        [
          "Figure",
          1
        ],
        [
          "Caption",
          1
        ],
        [
          "FigureGroup",
          1
        ]
      ],
      "block_metadata": {
        "llm_request_count": 0,
        "llm_error_count": 0,
        "llm_tokens_used": 0
      }
    },
    {
      "page_id": 3,
      "text_extraction_method": "pdftext",
      "block_counts": [
        [
          "Span",
          1324
        ],
        [
          "Line",
          72
        ],
        [
          "Text",
          5
        ],
        [
          "PageHeader",
          1
        ],
        [
          "TextInlineMath",
          1
        ],
        [
          "Figure",
          1
        ],
        [
          "Caption",
          1
        ],
        [
          "PageFooter",
          1
        ],
        [
          "FigureGroup",
          1
        ]
      ],
      "block_metadata": {
        "llm_request_count": 0,
        "llm_error_count": 0,
        "llm_tokens_used": 0
      }
    },
    {
      "page_id": 4,
      "text_extraction_method": "pdftext",
      "block_counts": [
        [
          "Span",
          892
        ],
        [
          "Line",
          55
        ],
        [
          "Text",
          5
        ],
        [
          "PageHeader",
          3
        ],
        [
          "SectionHeader",
          3
        ],
        [
          "PageFooter",
          2
        ],
        [
          "Figure",
          1
        ],
        [
          "Caption",
          1
        ],
        [
          "FigureGroup",
          1
        ]
      ],
      "block_metadata": {
        "llm_request_count": 0,
        "llm_error_count": 0,
        "llm_tokens_used": 0
      }
    },
    {
      "page_id": 5,
      "text_extraction_method": "pdftext",
      "block_counts": [
        [
          "Span",
          2170
        ],
        [
          "Line",
          101
        ],
        [
          "ListItem",
          26
        ],
        [
          "Text",
          5
        ],
        [
          "PageFooter",
          2
        ],
        [
          "ListGroup",
          2
        ],
        [
          "Picture",
          1
        ],
        [
          "PageHeader",
          1
        ]
      ],
      "block_metadata": {
        "llm_request_count": 0,
        "llm_error_count": 0,
        "llm_tokens_used": 0
      }
    }
  ],
  "debug_data_path": "debug_data\\10.1002_anie.202311051"
}