{
  "table_of_contents": [
    {
      "title": "Enabling High-Voltage Lithium Metal Batteries by Manipulating\nSolvation Structure in Ester Electrolyte",
      "heading_level": null,
      "page_id": 0,
      "polygon": [
        [
          51.80078125,
          90.82255172729492
        ],
        [
          509.568359375,
          90.82255172729492
        ],
        [
          509.568359375,
          126.01220703125
        ],
        [
          51.80078125,
          126.01220703125
        ]
      ]
    },
    {
      "title": "Acknowledgements",
      "heading_level": null,
      "page_id": 4,
      "polygon": [
        [
          303.8203125,
          103.0401611328125
        ],
        [
          393.453125,
          103.0401611328125
        ],
        [
          393.453125,
          114.84916305541992
        ],
        [
          303.8203125,
          114.84916305541992
        ]
      ]
    },
    {
      "title": "Conflict of interest",
      "heading_level": null,
      "page_id": 4,
      "polygon": [
        [
          304.693359375,
          218.10595703125
        ],
        [
          390.833984375,
          218.10595703125
        ],
        [
          390.833984375,
          229.87907028198242
        ],
        [
          304.693359375,
          229.87907028198242
        ]
      ]
    }
  ],
  "page_stats": [
    {
      "page_id": 0,
      "text_extraction_method": "pdftext",
      "block_counts": [
        [
          "Span",
          284
        ],
        [
          "Line",
          111
        ],
        [
          "Text",
          10
        ],
        [
          "PageHeader",
          4
        ],
        [
          "PageFooter",
          2
        ],
        [
          "SectionHeader",
          1
        ]
      ],
      "block_metadata": {
        "llm_request_count": 0,
        "llm_error_count": 0,
        "llm_tokens_used": 0
      }
    },
    {
      "page_id": 1,
      "text_extraction_method": "pdftext",
      "block_counts": [
        [
          "Span",
          351
        ],
        [
          "Line",
          124
        ],
        [
          "Text",
          6
        ],
        [
          "PageFooter",
          3
        ],
        [
          "Picture",
          1
        ],
        [
          "PageHeader",
          1
        ],
        [
          "TextInlineMath",
          1
        ],
        [
          "Figure",
          1
        ],
        [
          "Caption",
          1
        ],
        [
          "FigureGroup",
          1
        ]
      ],
      "block_metadata": {
        "llm_request_count": 0,
        "llm_error_count": 0,
        "llm_tokens_used": 0
      }
    },
    {
      "page_id": 2,
      "text_extraction_method": "pdftext",
      "block_counts": [
        [
          "Span",
          245
        ],
        [
          "Line",
          94
        ],
        [
          "Text",
          4
        ],
        [
          "PageFooter",
          3
        ],
        [
          "Figure",
          2
        ],
        [
          "Caption",
          2
        ],
        [
          "FigureGroup",
          2
        ],
        [
          "Picture",
          1
        ],
        [
          "PageHeader",
          1
        ],
        [
          "TextInlineMath",
          1
        ]
      ],
      "block_metadata": {
        "llm_request_count": 0,
        "llm_error_count": 0,
        "llm_tokens_used": 0
      }
    },
    {
      "page_id": 3,
      "text_extraction_method": "pdftext",
      "block_counts": [
        [
          "Span",
          303
        ],
        [
          "Line",
          107
        ],
        [
          "Text",
          6
        ],
        [
          "PageHeader",
          3
        ],
        [
          "PageFooter",
          3
        ],
        [
          "Figure",
          1
        ],
        [
          "Caption",
          1
        ],
        [
          "FigureGroup",
          1
        ]
      ],
      "block_metadata": {
        "llm_request_count": 0,
        "llm_error_count": 0,
        "llm_tokens_used": 0
      }
    },
    {
      "page_id": 4,
      "text_extraction_method": "pdftext",
      "block_counts": [
        [
          "Span",
          498
        ],
        [
          "Line",
          119
        ],
        [
          "Text",
          10
        ],
        [
          "ListItem",
          9
        ],
        [
          "PageHeader",
          3
        ],
        [
          "SectionHeader",
          2
        ],
        [
          "PageFooter",
          1
        ],
        [
          "ListGroup",
          1
        ]
      ],
      "block_metadata": {
        "llm_request_count": 0,
        "llm_error_count": 0,
        "llm_tokens_used": 0
      }
    },
    {
      "page_id": 5,
      "text_extraction_method": "pdftext",
      "block_counts": [
        [
          "Span",
          255
        ],
        [
          "Line",
          46
        ],
        [
          "ListItem",
          14
        ],
        [
          "PageFooter",
          3
        ],
        [
          "ListGroup",
          2
        ],
        [
          "Picture",
          1
        ],
        [
          "PageHeader",
          1
        ],
        [
          "Text",
          1
        ]
      ],
      "block_metadata": {
        "llm_request_count": 0,
        "llm_error_count": 0,
        "llm_tokens_used": 0
      }
    }
  ],
  "debug_data_path": "debug_data/10.1002_ange.201914250"
}