{
  "table_of_contents": [
    {
      "title": "Tuning the FEC-Related Electrolyte Solvation Structures in\nEther Solvents Enables High-Performance Lithium Metal\nAnode",
      "heading_level": null,
      "page_id": 0,
      "polygon": [
        [
          50.810874938964844,
          73.02392578125
        ],
        [
          529.06640625,
          73.02392578125
        ],
        [
          529.06640625,
          142.3123779296875
        ],
        [
          50.810874938964844,
          142.3123779296875
        ]
      ]
    },
    {
      "title": "lithium metal anode is considered to be\nthe most ideal anode. Many researchers\nhave been concentrated on developing\nhigh-energy-density lithium metal an-\node pairing with high-capacity cathode\nsuch as LiNi0.8Co0.1Mn0.1O2 (NCM811).[1,2]\nHowever, due to the heterogeneous Li\nplating/stripping, the lithium dendrites\nseverely affect the Coulombic efficiency\n(CE) and cycling performance of the\nbattery.[3,4] Additionally, it is inevitable\nthat highly active lithium metal reacts\nwith organic electrolytes to form the\nsolid-electrolyte interphase (SEI).[5] The\nelectrochemical performance of the battery\nis highly related to the composition and\nstability of SEI. The fragile SEI consistently\nconsumes limited electrolyte and metallic\nlithium, resulting in poor performance.[6,7]",
      "heading_level": null,
      "page_id": 0,
      "polygon": [
        [
          384.6296081542969,
          219.21600341796875
        ],
        [
          550.310546875,
          219.21600341796875
        ],
        [
          550.310546875,
          425.9091796875
        ],
        [
          384.6296081542969,
          425.9091796875
        ]
      ]
    },
    {
      "title": "1. Introduction",
      "heading_level": null,
      "page_id": 0,
      "polygon": [
        [
          50.810874938964844,
          526.078125
        ],
        [
          122.59033203125,
          526.078125
        ],
        [
          122.59033203125,
          539.6690673828125
        ],
        [
          50.810874938964844,
          539.6690673828125
        ]
      ]
    },
    {
      "title": "2. Results and Discussion",
      "heading_level": null,
      "page_id": 1,
      "polygon": [
        [
          302.365234375,
          449.99560546875
        ],
        [
          425.5400085449219,
          449.99560546875
        ],
        [
          425.5400085449219,
          462.98931884765625
        ],
        [
          302.365234375,
          462.98931884765625
        ]
      ]
    },
    {
      "title": "2.1. The Design Criterions of 1 m LiTFSI-Ether/FEC Electrolytes\nand Hypothetical Solvation Structures",
      "heading_level": null,
      "page_id": 1,
      "polygon": [
        [
          303.0898742675781,
          469.494140625
        ],
        [
          538.087890625,
          469.494140625
        ],
        [
          538.087890625,
          491.2569885253906
        ],
        [
          303.0898742675781,
          491.2569885253906
        ]
      ]
    },
    {
      "title": "2.2. Characterizations of Solvation Structures of\nLiTFSI-Ether/FEC Electrolytes",
      "heading_level": null,
      "page_id": 3,
      "polygon": [
        [
          47.14453125,
          382.70654296875
        ],
        [
          227.1376953125,
          382.70654296875
        ],
        [
          227.1376953125,
          403.35205078125
        ],
        [
          47.14453125,
          403.35205078125
        ]
      ]
    },
    {
      "title": "2.3. Internally Referenced Diffusion-Ordered Spectroscopy to\nFurther Reveal the Exact Coordination Ratio of Solvents",
      "heading_level": null,
      "page_id": 4,
      "polygon": [
        [
          50.12744140625,
          459.17138671875
        ],
        [
          277.337890625,
          459.17138671875
        ],
        [
          277.337890625,
          480.29522705078125
        ],
        [
          50.12744140625,
          480.29522705078125
        ]
      ]
    },
    {
      "title": "2.4. The Electrochemical Performance of Relative Batteries with\n1 m LiTFSI-Ether/FEC Electrolytes",
      "heading_level": null,
      "page_id": 4,
      "polygon": [
        [
          305.9267272949219,
          646.1279296875
        ],
        [
          543.03515625,
          646.1279296875
        ],
        [
          543.03515625,
          666.7734375
        ],
        [
          305.9267272949219,
          666.7734375
        ]
      ]
    },
    {
      "title": "2.5. The Morphologies of Plated Li in Different 1 m\nLiTFSI-Ether/FEC Electrolytes",
      "heading_level": null,
      "page_id": 6,
      "polygon": [
        [
          304.984375,
          118.13818359375
        ],
        [
          495.30859375,
          118.13818359375
        ],
        [
          495.30859375,
          140.472412109375
        ],
        [
          304.984375,
          140.472412109375
        ]
      ]
    },
    {
      "title": "2.6. The Effect of Diverse Solvation Structures on\nSolid-Electrolyte Interphase Components",
      "heading_level": null,
      "page_id": 6,
      "polygon": [
        [
          305.923583984375,
          469.494140625
        ],
        [
          489.779296875,
          469.494140625
        ],
        [
          489.779296875,
          491.259033203125
        ],
        [
          305.923583984375,
          491.259033203125
        ]
      ]
    },
    {
      "title": "2.7. The Electrochemical Performance of LiNi0.8Co0.1Mn0.1O2/Li\nCells",
      "heading_level": null,
      "page_id": 7,
      "polygon": [
        [
          302.65625,
          557.4287109375
        ],
        [
          538.9609375,
          557.4287109375
        ],
        [
          538.9609375,
          578.6288757324219
        ],
        [
          302.65625,
          578.6288757324219
        ]
      ]
    },
    {
      "title": "3. Conclusion",
      "heading_level": null,
      "page_id": 9,
      "polygon": [
        [
          47.21728515625,
          549.39990234375
        ],
        [
          112.55029296875,
          549.39990234375
        ],
        [
          112.55029296875,
          561.6111907958984
        ],
        [
          47.21728515625,
          561.6111907958984
        ]
      ]
    },
    {
      "title": "4. Experimental Section",
      "heading_level": null,
      "page_id": 9,
      "polygon": [
        [
          302.07421875,
          379.839111328125
        ],
        [
          417.31640625,
          379.839111328125
        ],
        [
          417.31640625,
          393.248291015625
        ],
        [
          302.07421875,
          393.248291015625
        ]
      ]
    },
    {
      "title": "Supporting Information",
      "heading_level": null,
      "page_id": 10,
      "polygon": [
        [
          305.275390625,
          73.26287841796875
        ],
        [
          419.935546875,
          73.26287841796875
        ],
        [
          419.935546875,
          87.7701416015625
        ],
        [
          305.275390625,
          87.7701416015625
        ]
      ]
    },
    {
      "title": "Acknowledgements",
      "heading_level": null,
      "page_id": 10,
      "polygon": [
        [
          305.92486572265625,
          136.298583984375
        ],
        [
          399.85546875,
          136.298583984375
        ],
        [
          399.85546875,
          149.582275390625
        ],
        [
          305.92486572265625,
          149.582275390625
        ]
      ]
    },
    {
      "title": "Conflict of Interest",
      "heading_level": null,
      "page_id": 10,