{
  "table_of_contents": [
    {
      "title": "",
      "heading_level": null,
      "page_id": 0,
      "polygon": [
        [
          43.182835936546326,
          63.96275767683983
        ],
        [
          155.3490927219391,
          62.31822642683983
        ],
        [
          155.3490927219391,
          77.46183583140373
        ],
        [
          43.182835936546326,
          79.10636708140373
        ]
      ]
    },
    {
      "title": "Highly Stable Lithium Metal Batteries Enabled by Regulating the\nSolvation of Lithium Ions in Nonaqueous Electrolytes",
      "heading_level": null,
      "page_id": 0,
      "polygon": [
        [
          44.90614080429077,
          89.72826208174229
        ],
        [
          519.5098538398743,
          88.08373083174229
        ],
        [
          519.5098538398743,
          126.23321533203125
        ],
        [
          44.90614080429077,
          126.5347803235054
        ]
      ]
    },
    {
      "title": "Acknowledgements",
      "heading_level": null,
      "page_id": 3,
      "polygon": [
        [
          303.69288659095764,
          104.0733642578125
        ],
        [
          393.6034286022186,
          102.4848031103611
        ],
        [
          393.6034286022186,
          115.0733642578125
        ],
        [
          303.69288659095764,
          115.0733642578125
        ]
      ]
    },
    {
      "title": "Conflict of interest",
      "heading_level": null,
      "page_id": 3,
      "polygon": [
        [
          303.9264237880707,
          242.11334228515625
        ],
        [
          391.3162987232208,
          241.01439076662064
        ],
        [
          390.1522362232208,
          253.11334228515625
        ],
        [
          302.7623612880707,
          253.60563427209854
        ]
      ]
    }
  ],
  "page_stats": [
    {
      "page_id": 0,
      "text_extraction_method": "pdftext",
      "block_counts": [
        [
          "Span",
          1664
        ],
        [
          "Line",
          127
        ],
        [
          "Text",
          9
        ],
        [
          "PageHeader",
          3
        ],
        [
          "PageFooter",
          3
        ],
        [
          "SectionHeader",
          2
        ],
        [
          "TextInlineMath",
          1
        ],
        [
          "Footnote",
          1
        ]
      ],
      "block_metadata": {
        "llm_request_count": 0,
        "llm_error_count": 0,
        "llm_tokens_used": 0,
        "previous_text": "",
        "previous_type": "",
        "previous_order": 0
      }
    },
    {
      "page_id": 1,
      "text_extraction_method": "pdftext",
      "block_counts": [
        [
          "Span",
          1537
        ],
        [
          "Line",
          95
        ],
        [
          "Text",
          7
        ],
        [
          "PageFooter",
          3
        ],
        [
          "Figure",
          2
        ],
        [
          "Caption",
          2
        ],
        [
          "FigureGroup",
          2
        ],
        [
          "PageHeader",
          1
        ]
      ],
      "block_metadata": {
        "llm_request_count": 0,
        "llm_error_count": 0,
        "llm_tokens_used": 0,
        "previous_text": "",
        "previous_type": "",
        "previous_order": 0
      }
    },
    {
      "page_id": 2,
      "text_extraction_method": "pdftext",
      "block_counts": [
        [
          "Span",
          1726
        ],
        [
          "Line",
          122
        ],
        [
          "Text",
          4
        ],
        [
          "PageHeader",
          3
        ],
        [
          "PageFooter",
          3
        ],
        [
          "TextInlineMath",
          1
        ],
        [
          "Figure",
          1
        ],
        [
          "Caption",
          1
        ],
        [
          "FigureGroup",
          1
        ]
      ],
      "block_metadata": {
        "llm_request_count": 0,
        "llm_error_count": 0,
        "llm_tokens_used": 0,
        "previous_text": "",
        "previous_type": "",
        "previous_order": 0
      }
    },
    {
      "page_id": 3,
      "text_extraction_method": "pdftext",
      "block_counts": [
        [
          "Span",
          1461
        ],
        [
          "Line",
          96
        ],
        [
          "ListItem",
          11
        ],
        [
          "Text",
          8
        ],
        [
          "PageFooter",
          3
        ],
        [
          "Picture",
          2
        ],
        [
          "SectionHeader",
          2
        ],
        [
          "Figure",
          1
        ],
        [
          "Caption",
          1
        ],
        [
          "FigureGroup",
          1
        ],
        [
          "ListGroup",
          1
        ]
      ],
      "block_metadata": {
        "llm_request_count": 0,
        "llm_error_count": 0,
        "llm_tokens_used": 0,
        "previous_text": "",
        "previous_type": "",
        "previous_order": 0
      }
    },
    {
      "page_id": 4,
      "text_extraction_method": "pdftext",
      "block_counts": [
        [
          "Span",
          691
        ],
        [
          "Line",
          46
        ],
        [
          "ListItem",
          12
        ],
        [
          "PageFooter",
          3
        ],
        [
          "PageHeader",
          2
        ],
        [
          "Text",
          2
        ],
        [
          "ListGroup",
          2
        ]
      ],
      "block_metadata": {
        "llm_request_count": 0,
        "llm_error_count": 0,
        "llm_tokens_used": 0,
        "previous_text": "",
        "previous_type": "",
        "previous_order": 0
      }
    }
  ],
  "debug_data_path": "debug_data/10.1002_anie.201801513"
}