{
  "table_of_contents": [
    {
      "title": "",
      "heading_level": null,
      "page_id": 0,
      "polygon": [
        [
          53.85229131579399,
          65.33442160487175
        ],
        [
          134.04281997680664,
          63.68989035487175
        ],
        [
          134.04281997680664,
          76.24449726939201
        ],
        [
          53.85229131579399,
          77.88902851939201
        ]
      ]
    },
    {
      "title": "An Intrinsic Flame-Retardant Organic Electrolyte for Safe Lithium-\nSulfur Batteries",
      "heading_level": null,
      "page_id": 0,
      "polygon": [
        [
          51.5133535861969,
          90.73321533203125
        ],
        [
          530.797224521637,
          89.85452030599117
        ],
        [
          530.797224521637,
          125.7232666015625
        ],
        [
          51.5133535861969,
          126.82134872674942
        ]
      ]
    },
    {
      "title": "Acknowledgements",
      "heading_level": null,
      "page_id": 3,
      "polygon": [
        [
          304.7200012207031,
          414.5733337402344
        ],
        [
          393.22708344459534,
          413.5804128050804
        ],
        [
          392.06302094459534,
          425.5733337402344
        ],
        [
          304.4754173755646,
          426.0921850204468
        ]
      ]
    },
    {
      "title": "Conflict of interest",
      "heading_level": null,
      "page_id": 3,
      "polygon": [
        [
          304.7200012207031,
          506.268553853035
        ],
        [
          391.16485834121704,
          504.624022603035
        ],
        [
          390.00079584121704,
          517.5933227539062
        ],
        [
          303.5672369003296,
          517.7181409597397
        ]
      ]
    }
  ],
  "page_stats": [
    {
      "page_id": 0,
      "text_extraction_method": "pdftext",
      "block_counts": [
        [
          "Span",
          1496
        ],
        [
          "Line",
          115
        ],
        [
          "Text",
          9
        ],
        [
          "PageHeader",
          3
        ],
        [
          "SectionHeader",
          2
        ],
        [
          "Footnote",
          2
        ],
        [
          "TextInlineMath",
          1
        ],
        [
          "PageFooter",
          1
        ]
      ],
      "block_metadata": {
        "llm_request_count": 0,
        "llm_error_count": 0,
        "llm_tokens_used": 0,
        "previous_text": "",
        "previous_type": "",
        "previous_order": 0
      }
    },
    {
      "page_id": 1,
      "text_extraction_method": "pdftext",
      "block_counts": [
        [
          "Span",
          1667
        ],
        [
          "Line",
          116
        ],
        [
          "PageHeader",
          3
        ],
        [
          "PageFooter",
          3
        ],
        [
          "Text",
          2
        ],
        [
          "TextInlineMath",
          2
        ],
        [
          "Figure",
          1
        ],
        [
          "Caption",
          1
        ],
        [
          "FigureGroup",
          1
        ]
      ],
      "block_metadata": {
        "llm_request_count": 0,
        "llm_error_count": 0,
        "llm_tokens_used": 0,
        "previous_text": "",
        "previous_type": "",
        "previous_order": 0
      }
    },
    {
      "page_id": 2,
      "text_extraction_method": "pdftext",
      "block_counts": [
        [
          "Span",
          1307
        ],
        [
          "Line",
          104
        ],
        [
          "PageFooter",
          3
        ],
        [
          "PageHeader",
          2
        ],
        [
          "Figure",
          2
        ],
        [
          "Caption",
          2
        ],
        [
          "Text",
          2
        ],
        [
          "FigureGroup",
          2
        ],
        [
          "TextInlineMath",
          1
        ]
      ],
      "block_metadata": {
        "llm_request_count": 0,
        "llm_error_count": 0,
        "llm_tokens_used": 0,
        "previous_text": "",
        "previous_type": "",
        "previous_order": 0
      }
    },
    {
      "page_id": 3,
      "text_extraction_method": "pdftext",
      "block_counts": [
        [
          "Span",
          1456
        ],
        [
          "Line",
          102
        ],
        [
          "Text",
          8
        ],
        [
          "PageFooter",
          3
        ],
        [
          "PageHeader",
          2
        ],
        [
          "TextInlineMath",
          2
        ],
        [
          "SectionHeader",
          2
        ],
        [
          "Figure",
          1
        ],
        [
          "Caption",
          1
        ],
        [
          "Footnote",
          1
        ],
        [
          "ListItem",
          1
        ],
        [
          "FigureGroup",
          1
        ]
      ],
      "block_metadata": {
        "llm_request_count": 0,
        "llm_error_count": 0,
        "llm_tokens_used": 0,
        "previous_text": "",
        "previous_type": "",
        "previous_order": 0
      }
    },
    {
      "page_id": 4,
      "text_extraction_method": "pdftext",
      "block_counts": [
        [
          "Span",
          1493
        ],
        [
          "Line",
          94
        ],
        [
          "ListItem",
          27
        ],
        [
          "Text",
          5
        ],
        [
          "PageHeader",
          2
        ],
        [
          "PageFooter",
          2
        ],
        [
          "ListGroup",
          2
        ]
      ],
      "block_metadata": {
        "llm_request_count": 0,
        "llm_error_count": 0,
        "llm_tokens_used": 0,
        "previous_text": "",
        "previous_type": "",
        "previous_order": 0
      }
    }
  ],
  "debug_data_path": "debug_data/10.1002_ange.201811291"
}