{
  "table_of_contents": [
    {
      "title": "Monitoring micro-damage in Lithium-ion battery by \nanalysing acoustic emission signal",
      "heading_level": null,
      "page_id": 0,
      "polygon": [
        [
          103.4560546875,
          102.15838623046875
        ],
        [
          492.8994445800781,
          102.15838623046875
        ],
        [
          492.8994445800781,
          138.76031494140625
        ],
        [
          103.4560546875,
          138.76031494140625
        ]
      ]
    },
    {
      "title": "Abstract",
      "heading_level": null,
      "page_id": 0,
      "polygon": [
        [
          278.3564453125,
          298.8404541015625
        ],
        [
          316.916015625,
          298.8404541015625
        ],
        [
          316.916015625,
          308.96630859375
        ],
        [
          278.3564453125,
          308.96630859375
        ]
      ]
    }
  ],
  "page_stats": [
    {
      "page_id": 0,
      "text_extraction_method": "pdftext",
      "block_counts": [
        [
          "Span",
          118
        ],
        [
          "Line",
          23
        ],
        [
          "Text",
          6
        ],
        [
          "SectionHeader",
          2
        ],
        [
          "PageHeader",
          1
        ],
        [
          "PageFooter",
          1
        ]
      ],
      "block_metadata": {
        "llm_request_count": 0,
        "llm_error_count": 0,
        "llm_tokens_used": 0
      }
    }
  ],
  "debug_data_path": "debug_data/10.36001_phmap.2017.v1i1.1773"
}