{
  "table_of_contents": [
    {
      "title": "",
      "heading_level": null,
      "page_id": 0,
      "polygon": [
        [
          53.49837535619736,
          65.64618393778801
        ],
        [
          134.3178407549858,
          64.00165268778801
        ],
        [
          134.3178407549858,
          76.4750317633152
        ],
        [
          53.49837535619736,
          78.1195630133152
        ]
      ]
    },
    {
      "title": "An Intrinsic Flame-Retardant Organic Electrolyte for Safe Lithium-\nSulfur Batteries",
      "heading_level": null,
      "page_id": 0,
      "polygon": [
        [
          51.644989132881165,
          90.73321533203125
        ],
        [
          530.7133870124817,
          90.35181811451912
        ],
        [
          530.7133870124817,
          125.7232666015625
        ],
        [
          51.644989132881165,
          126.43840852379799
        ]
      ]
    },
    {
      "title": "Acknowledgements",
      "heading_level": null,
      "page_id": 3,
      "polygon": [
        [
          304.7200012207031,
          414.5733337402344
        ],
        [
          392.46135568618774,
          413.756318628788
        ],
        [
          392.46135568618774,
          425.5733337402344
        ],
        [
          304.7200012207031,
          426.12485682964325
        ]
      ]
    },
    {
      "title": "Conflict of interest",
      "heading_level": null,
      "page_id": 3,
      "polygon": [
        [
          304.7200012207031,
          506.46674275398254
        ],
        [
          391.0435781478882,
          504.82221150398254
        ],
        [
          389.8795156478882,
          517.5933227539062
        ],
        [
          303.567165851593,
          517.7266225814819
        ]
      ]
    }
  ],
  "page_stats": [
    {
      "page_id": 0,
      "text_extraction_method": "pdftext",
      "block_counts": [
        [
          "Span",
          1498
        ],
        [
          "Line",
          115
        ],
        [
          "Text",
          7
        ],
        [
          "PageHeader",
          3
        ],
        [
          "PageFooter",
          3
        ],
        [
          "SectionHeader",
          2
        ],
        [
          "Footnote",
          2
        ],
        [
          "TextInlineMath",
          1
        ]
      ],
      "block_metadata": {
        "llm_request_count": 0,
        "llm_error_count": 0,
        "llm_tokens_used": 0,
        "previous_text": "",
        "previous_type": "",
        "previous_order": 0
      }
    },
    {
      "page_id": 1,
      "text_extraction_method": "pdftext",
      "block_counts": [
        [
          "Span",
          1667
        ],
        [
          "Line",
          116
        ],
        [
          "PageHeader",
          3
        ],
        [
          "PageFooter",
          3
        ],
        [
          "Text",
          2
        ],
        [
          "TextInlineMath",
          2
        ],
        [
          "Figure",
          1
        ],
        [
          "Caption",
          1
        ],
        [
          "FigureGroup",
          1
        ]
      ],
      "block_metadata": {
        "llm_request_count": 0,
        "llm_error_count": 0,
        "llm_tokens_used": 0,
        "previous_text": "",
        "previous_type": "",
        "previous_order": 0
      }
    },
    {
      "page_id": 2,
      "text_extraction_method": "pdftext",
      "block_counts": [
        [
          "Span",
          1311
        ],
        [
          "Line",
          104
        ],
        [
          "PageHeader",
          3
        ],
        [
          "PageFooter",
          3
        ],
        [
          "Figure",
          2
        ],
        [
          "Caption",
          2
        ],
        [
          "Text",
          2
        ],
        [
          "FigureGroup",
          2
        ],
        [
          "TextInlineMath",
          1
        ]
      ],
      "block_metadata": {
        "llm_request_count": 0,
        "llm_error_count": 0,
        "llm_tokens_used": 0,
        "previous_text": "",
        "previous_type": "",
        "previous_order": 0
      }
    },
    {
      "page_id": 3,
      "text_extraction_method": "pdftext",
      "block_counts": [
        [
          "Span",
          1456
        ],
        [
          "Line",
          102
        ],
        [
          "Text",
          8
        ],
        [
          "PageFooter",
          3
        ],
        [
          "TextInlineMath",
          2
        ],
        [
          "SectionHeader",
          2
        ],
        [
          "PageHeader",
          1
        ],
        [
          "Picture",
          1
        ],
        [
          "Figure",
          1
        ],
        [
          "Caption",
          1
        ],
        [
          "Footnote",
          1
        ],
        [
          "ListItem",
          1
        ],
        [
          "FigureGroup",
          1
        ]
      ],
      "block_metadata": {
        "llm_request_count": 0,
        "llm_error_count": 0,
        "llm_tokens_used": 0,
        "previous_text": "",
        "previous_type": "",
        "previous_order": 0
      }
    },
    {
      "page_id": 4,
      "text_extraction_method": "pdftext",
      "block_counts": [
        [
          "Span",
          1497
        ],
        [
          "Line",
          94
        ],
        [
          "ListItem",
          27
        ],
        [
          "Text",
          5
        ],
        [
          "PageHeader",
          2
        ],
        [
          "PageFooter",
          2
        ],
        [
          "ListGroup",
          2
        ]
      ],
      "block_metadata": {
        "llm_request_count": 0,
        "llm_error_count": 0,
        "llm_tokens_used": 0,
        "previous_text": "",
        "previous_type": "",
        "previous_order": 0
      }
    }
  ],
  "debug_data_path": "debug_data/10.1002_anie.201811291"
}