{
  "table_of_contents": [
    {
      "title": "",
      "heading_level": null,
      "page_id": 0,
      "polygon": [
        [
          54.47475817799568,
          64.77462202310562
        ],
        [
          149.48112428188324,
          63.13009077310562
        ],
        [
          149.48112428188324,
          75.50635778903961
        ],
        [
          54.47475817799568,
          77.15088903903961
        ]
      ]
    },
    {
      "title": "Protecting the Lithium Metal Anode for a Safe Flexible Lithium-Air\nBattery in Ambient Air",
      "heading_level": null,
      "page_id": 0,
      "polygon": [
        [
          51.64756464958191,
          90.73321533203125
        ],
        [
          537.6170506477356,
          90.3057149797678
        ],
        [
          537.6170506477356,
          125.7232666015625
        ],
        [
          51.64756464958191,
          126.71965709328651
        ]
      ]
    },
    {
      "title": "Acknowledgements",
      "heading_level": null,
      "page_id": 4,
      "polygon": [
        [
          304.7200012207031,
          218.38951420783997
        ],
        [
          393.60541796684265,
          218.38951420783997
        ],
        [
          393.60541796684265,
          230.0433349609375
        ],
        [
          304.7200012207031,
          230.0433349609375
        ]
      ]
    },
    {
      "title": "Conflict of interest",
      "heading_level": null,
      "page_id": 4,
      "polygon": [
        [
          304.7200012207031,
          367.750948369503
        ],
        [
          390.14605498313904,
          367.750948369503
        ],
        [
          390.14605498313904,
          379.59332275390625
        ],
        [
          304.7200012207031,
          379.59332275390625
        ]
      ]
    }
  ],
  "page_stats": [
    {
      "page_id": 0,
      "text_extraction_method": "pdftext",
      "block_counts": [
        [
          "Span",
          1570
        ],
        [
          "Line",
          121
        ],
        [
          "Text",
          8
        ],
        [
          "PageFooter",
          3
        ],
        [
          "PageHeader",
          2
        ],
        [
          "SectionHeader",
          2
        ],
        [
          "Picture",
          1
        ],
        [
          "Footnote",
          1
        ]
      ],
      "block_metadata": {
        "llm_request_count": 0,
        "llm_error_count": 0,
        "llm_tokens_used": 0
      }
    },
    {
      "page_id": 1,
      "text_extraction_method": "pdftext",
      "block_counts": [
        [
          "Span",
          1385
        ],
        [
          "Line",
          85
        ],
        [
          "Text",
          3
        ],
        [
          "PageFooter",
          3
        ],
        [
          "PageHeader",
          2
        ],
        [
          "Figure",
          2
        ],
        [
          "Caption",
          2
        ],
        [
          "FigureGroup",
          2
        ]
      ],
      "block_metadata": {
        "llm_request_count": 0,
        "llm_error_count": 0,
        "llm_tokens_used": 0
      }
    },
    {
      "page_id": 2,
      "text_extraction_method": "pdftext",
      "block_counts": [
        [
          "Span",
          1734
        ],
        [
          "Line",
          119
        ],
        [
          "PageHeader",
          3
        ],
        [
          "PageFooter",
          3
        ],
        [
          "Text",
          2
        ],
        [
          "TextInlineMath",
          2
        ],
        [
          "Figure",
          1
        ],
        [
          "Caption",
          1
        ],
        [
          "FigureGroup",
          1
        ]
      ],
      "block_metadata": {
        "llm_request_count": 0,
        "llm_error_count": 0,
        "llm_tokens_used": 0
      }
    },
    {
      "page_id": 3,
      "text_extraction_method": "pdftext",
      "block_counts": [
        [
          "Span",
          1327
        ],
        [
          "Line",
          86
        ],
        [
          "Text",
          6
        ],
        [
          "Caption",
          3
        ],
        [
          "PageFooter",
          3
        ],
        [
          "Figure",
          2
        ],
        [
          "FigureGroup",
          2
        ],
        [
          "PageHeader",
          1
        ]
      ],
      "block_metadata": {
        "llm_request_count": 0,
        "llm_error_count": 0,
        "llm_tokens_used": 0
      }
    },
    {
      "page_id": 4,
      "text_extraction_method": "pdftext",
      "block_counts": [
        [
          "Span",
          1364
        ],
        [
          "Line",
          86
        ],
        [
          "Text",
          7
        ],
        [
          "PageHeader",
          3
        ],
        [
          "ListItem",
          3
        ],
        [
          "PageFooter",
          3
        ],
        [
          "SectionHeader",
          2
        ],
        [
          "Figure",
          1
        ],
        [
          "Caption",
          1
        ],
        [
          "FigureGroup",
          1
        ],
        [
          "ListGroup",
          1
        ]
      ],
      "block_metadata": {
        "llm_request_count": 0,
        "llm_error_count": 0,
        "llm_tokens_used": 0
      }
    },
    {
      "page_id": 5,
      "text_extraction_method": "pdftext",
      "block_counts": [
        [
          "Span",
          1053
        ],
        [
          "Line",
          65
        ],
        [
          "ListItem",
          14
        ],
        [
          "PageFooter",
          3
        ],
        [
          "ListGroup",
          3
        ],
        [
          "PageHeader",
          2
        ],
        [
          "Text",
          2
        ]
      ],
      "block_metadata": {
        "llm_request_count": 0,
        "llm_error_count": 0,
        "llm_tokens_used": 0
      }
    }
  ],
  "debug_data_path": "debug_data\\10.1002_ange.201911229"
}