{
  "table_of_contents": [
    {
      "title": "Polyureas as SEI-forming Additives for Li Metal Anodes",
      "heading_level": null,
      "page_id": 0,
      "polygon": [
        [
          54.775001525878906,
          108.1170654296875
        ],
        [
          467.1474437713623,
          108.1170654296875
        ],
        [
          466.1080017089844,
          125.1170654296875
        ],
        [
          53.90369474887848,
          125.1170654296875
        ]
      ]
    },
    {
      "title": "Acknowledgments",
      "heading_level": null,
      "page_id": 2,
      "polygon": [
        [
          317.3756411075592,
          470.6500244140625
        ],
        [
          410.0899963378906,
          470.6500244140625
        ],
        [
          410.0899963378906,
          482.6500244140625
        ],
        [
          317.3756411075592,
          482.6500244140625
        ]
      ]
    },
    {
      "title": "References",
      "heading_level": null,
      "page_id": 2,
      "polygon": [
        [
          317.11796021461487,
          567.4299926757812
        ],
        [
          372.6619873046875,
          567.4299926757812
        ],
        [
          372.6619873046875,
          579.4299926757812
        ],
        [
          317.11796021461487,
          579.4299926757812
        ]
      ]
    }
  ],
  "page_stats": [
    {
      "page_id": 0,
      "text_extraction_method": "pdftext",
      "block_counts": [
        [
          "Span",
          315
        ],
        [
          "Line",
          87
        ],
        [
          "Text",
          10
        ],
        [
          "SectionHeader",
          1
        ]
      ],
      "block_metadata": {
        "llm_request_count": 0,
        "llm_error_count": 0,
        "llm_tokens_used": 0
      }
    },
    {
      "page_id": 1,
      "text_extraction_method": "pdftext",
      "block_counts": [
        [
          "Span",
          375
        ],
        [
          "Line",
          87
        ],
        [
          "TableCell",
          15
        ],
        [
          "Text",
          4
        ],
        [
          "TextInlineMath",
          2
        ],
        [
          "Figure",
          2
        ],
        [
          "Caption",
          2
        ],
        [
          "FigureGroup",
          2
        ],
        [
          "Table",
          1
        ]
      ],
      "block_metadata": {
        "llm_request_count": 0,
        "llm_error_count": 0,
        "llm_tokens_used": 0
      }
    },
    {
      "page_id": 2,
      "text_extraction_method": "pdftext",
      "block_counts": [
        [
          "Span",
          259
        ],
        [
          "Line",
          71
        ],
        [
          "Text",
          5
        ],
        [
          "ListItem",
          3
        ],
        [
          "Figure",
          2
        ],
        [
          "Caption",
          2
        ],
        [
          "SectionHeader",
          2
        ],
        [
          "FigureGroup",
          2
        ],
        [
          "ListGroup",
          1
        ]
      ],
      "block_metadata": {
        "llm_request_count": 0,
        "llm_error_count": 0,
        "llm_tokens_used": 0
      }
    },
    {
      "page_id": 3,
      "text_extraction_method": "pdftext",
      "block_counts": [
        [
          "Span",
          434
        ],
        [
          "Line",
          82
        ],
        [
          "ListItem",
          37
        ],
        [
          "ListGroup",
          2
        ],
        [
          "Text",
          1
        ]
      ],
      "block_metadata": {
        "llm_request_count": 0,
        "llm_error_count": 0,
        "llm_tokens_used": 0
      }
    },
    {
      "page_id": 4,
      "text_extraction_method": "pdftext",
      "block_counts": [
        [
          "Picture",
          1
        ],
        [
          "PageFooter",
          1
        ],
        [
          "Line",
          1
        ],
        [
          "Span",
          1
        ]
      ],
      "block_metadata": {
        "llm_request_count": 0,
        "llm_error_count": 0,
        "llm_tokens_used": 0
      }
    }
  ],
  "debug_data_path": "debug_data\\10.26434_chemrxiv-2022-ll9p1"
}